Year,Population,zscore,Smoothed
1800-01-01,60000000.0,2.565658961368214,
1801-01-01,59333333.333333336,2.530203009979672,
1802-01-01,58666666.66666666,2.494747058591129,58666666.666666664
1803-01-01,58000000.0,2.459291107202587,58000000.0
1804-01-01,57333333.333333336,2.423835155814045,57333333.33333333
1805-01-01,56666666.66666666,2.3883792044255023,56666666.666666664
1806-01-01,56000000.0,2.3529232530369604,56000000.0
1807-01-01,55333333.333333336,2.3174673016484184,55333333.333333336
1808-01-01,54666666.66666666,2.282011350259875,54666666.666666664
1809-01-01,54000000.0,2.2465553988713336,54000000.0
1810-01-01,53333333.333333336,2.211099447482791,53333333.33333333
1811-01-01,52666666.66666666,2.1756434960942483,52666666.66666667
1812-01-01,52000000.0,2.140187544705707,52000000.0
1813-01-01,51333333.333333336,2.1047315933171644,51333333.33333333
1814-01-01,50666666.66666667,2.0692756419286225,50666666.66666667
1815-01-01,50000000.0,2.03381969054008,50000000.0
1816-01-01,49333333.333333336,1.9983637391515376,49333333.333333336
1817-01-01,48666666.66666667,1.9629077877629955,48666666.66666667
1818-01-01,48000000.0,1.927451836374453,48000000.00000001
1819-01-01,47333333.333333336,1.8919958849859109,47333333.333333336
1820-01-01,46666666.66666667,1.8565399335973687,46666666.666666664
1821-01-01,46000000.0,1.821083982208826,46000000.0
1822-01-01,45333333.333333336,1.785628030820284,45333333.333333336
1823-01-01,44666666.66666667,1.750172079431742,44666666.66666667
1824-01-01,44000000.0,1.7147161280431993,44000000.0
1825-01-01,43333333.333333336,1.679260176654657,43333333.333333336
1826-01-01,42666666.66666667,1.643804225266115,42666666.66666667
1827-01-01,42000000.0,1.6083482738775725,42000000.0
1828-01-01,41333333.333333336,1.5728923224890303,41333333.333333336
1829-01-01,40666666.66666667,1.5374363711004881,40713000.0
1830-01-01,40000000.0,1.5019804197119455,40139000.0
1831-01-01,39565000.0,1.4788454114309217,39611333.333333336
1832-01-01,39130000.0,1.455710403149898,39130000.0
1833-01-01,38695000.0,1.432575394868874,38695000.0
1834-01-01,38260000.0,1.4094403865878502,38260000.0
1835-01-01,37825000.0,1.3863053783068264,37825000.0
1836-01-01,37390000.0,1.3631703700258024,37390000.0
1837-01-01,36955000.0,1.3400353617447787,36955000.0
1838-01-01,36520000.0,1.316900353463755,36520000.0
1839-01-01,36085000.0,1.2937653451827311,35971000.0
1840-01-01,35650000.0,1.2706303369017071,35308000.0
1841-01-01,34645000.0,1.2171804901834797,34531000.0
1842-01-01,33640000.0,1.1637306434652521,33640000.0
1843-01-01,32635000.0,1.1102807967470247,32635000.0
1844-01-01,31630000.0,1.0568309500287971,31630000.0
1845-01-01,30625000.0,1.0033811033105697,30625000.0
1846-01-01,29620000.0,0.9499312565923422,29620000.0
1847-01-01,28615000.0,0.8964814098741147,28615000.0
1848-01-01,27610000.0,0.8430315631558871,27610000.0
1849-01-01,26605000.0,0.7895817164376596,26605000.0
1850-01-01,25600000.0,0.7361318697194321,25600000.0
1851-01-01,24595000.0,0.6826820230012046,24595000.0
1852-01-01,23590000.0,0.6292321762829771,23590000.0
1853-01-01,22585000.0,0.5757823295647496,22585000.0
1854-01-01,21580000.0,0.5223324828465221,21580000.0
1855-01-01,20575000.0,0.46888263612829467,20575000.0
1856-01-01,19570000.0,0.41543278941006717,19570000.0
1857-01-01,18565000.0,0.36198294269183967,18565000.0
1858-01-01,17560000.0,0.30853309597361217,17560000.0
1859-01-01,16555000.0,0.2550832492553847,16555000.0
1860-01-01,15550000.0,0.2016334025371572,15550000.0
1861-01-01,14545000.0,0.14818355581892972,14545000.0
1862-01-01,13540000.0,0.09473370910070222,13540000.0
1863-01-01,12535000.0,0.04128386238247473,12535000.0
1864-01-01,11530000.0,-0.012165984335752765,11530000.0
1865-01-01,10525000.0,-0.06561583105398026,10525000.0
1866-01-01,9520000.0,-0.11906567777220775,9520000.0
1867-01-01,8515000.0,-0.17251552449043525,8515000.0
1868-01-01,7510000.0,-0.22596537120866275,7510000.0
1869-01-01,6505000.0,-0.2794152179268902,6603900.0
1870-01-01,5500000.0,-0.3328650646451177,5796700.0
1871-01-01,4989500.0,-0.36001545942089397,5088400.0
1872-01-01,4479000.0,-0.3871658541966702,4479000.0
1873-01-01,3968500.0,-0.4143162489724465,3968500.0
1874-01-01,3458000.0,-0.44146664374822275,3458000.0
1875-01-01,2947500.0,-0.468617038523999,2947500.0
1876-01-01,2437000.0,-0.49576743329977524,2437000.0
1877-01-01,1926500.0,-0.5229178280755515,1926500.0
1878-01-01,1416000.0,-0.5500682228513277,1416000.0
1879-01-01,905500.0,-0.577218617627104,998834.2444444444
1880-01-01,395000.0,-0.6043690124028803,675002.7333333333
1881-01-01,351171.22222222225,-0.6066999989243425,444505.4666666667
1882-01-01,307342.44444444444,-0.6090309854458046,307342.44444444444
1883-01-01,263513.6666666666,-0.6113619719672668,263513.6666666666
1884-01-01,219684.88888888888,-0.613692958488729,219684.88888888885
1885-01-01,175856.1111111111,-0.6160239450101911,175856.11111111107
1886-01-01,132027.3333333333,-0.6183549315316532,132027.3333333333
1887-01-01,88198.5555555555,-0.6206859180531155,88198.55555555553
1888-01-01,44369.77777777775,-0.6230169045745776,53131.15151515149
1889-01-01,541.0,-0.6253478910960397,26825.121212121197
1890-01-01,519.0909090909091,-0.6253490563075331,9280.464646464641
1891-01-01,497.1818181818182,-0.6253502215190265,497.1818181818182
1892-01-01,475.27272727272725,-0.6253513867305198,475.2727272727273
1893-01-01,453.3636363636364,-0.6253525519420132,453.3636363636364
1894-01-01,431.45454545454544,-0.6253537171535065,431.4545454545454
1895-01-01,409.5454545454545,-0.6253548823649999,409.54545454545456
1896-01-01,387.6363636363636,-0.6253560475764933,387.6363636363636
1897-01-01,365.7272727272728,-0.6253572127879867,365.7272727272727
1898-01-01,343.8181818181818,-0.62535837799948,343.8181818181818
1899-01-01,321.9090909090909,-0.6253595432109734,413.84646464646465
1900-01-01,300.0,-0.6253607084224667,575.8121212121212
1901-01-01,737.7777777777778,-0.6253374256810549,829.7151515151515
1902-01-01,1175.5555555555557,-0.625314142939643,1175.5555555555557
1903-01-01,1613.3333333333333,-0.6252908601982312,1613.3333333333335
1904-01-01,2051.1111111111118,-0.6252675774568195,2051.1111111111113
1905-01-01,2488.8888888888887,-0.6252442947154078,2488.8888888888887
1906-01-01,2926.6666666666665,-0.6252210119739959,2926.666666666667
1907-01-01,3364.4444444444443,-0.6251977292325841,3364.4444444444443
1908-01-01,3802.222222222222,-0.6251744464911723,3802.2222222222217
1909-01-01,4240.0,-0.6251511637497604,4240.0
1910-01-01,4677.777777777777,-0.6251278810083486,4677.777777777777
1911-01-01,5115.555555555556,-0.6251045982669368,5115.555555555555
1912-01-01,5553.333333333333,-0.6250813155255249,5553.333333333333
1913-01-01,5991.111111111111,-0.6250580327841132,5991.111111111111
1914-01-01,6428.888888888889,-0.6250347500427015,6428.888888888889
1915-01-01,6866.666666666667,-0.6250114673012896,6866.666666666667
1916-01-01,7304.444444444444,-0.6249881845598778,7304.444444444445
1917-01-01,7742.222222222222,-0.624964901818466,7742.222222222222
1918-01-01,8180.0,-0.6249416190770541,8180.0
1919-01-01,8617.777777777777,-0.6249183363356423,8617.777777777777
1920-01-01,9055.555555555557,-0.6248950535942305,9055.555555555557
1921-01-01,9493.333333333334,-0.6248717708528188,9493.333333333334
1922-01-01,9931.111111111111,-0.6248484881114069,9931.111111111111
1923-01-01,10368.888888888889,-0.6248252053699952,10368.888888888887
1924-01-01,10806.666666666666,-0.6248019226285834,10806.666666666668
1925-01-01,11244.444444444443,-0.6247786398871715,11244.444444444443
1926-01-01,11682.222222222224,-0.6247553571457597,11682.222222222223
1927-01-01,12120.0,-0.6247320744043479,12120.0
1928-01-01,12557.777777777776,-0.624708791662936,12557.777777777777
1929-01-01,12995.555555555557,-0.6246855089215242,12995.555555555557
1930-01-01,13433.333333333334,-0.6246622261801125,13433.333333333334
1931-01-01,13871.111111111111,-0.6246389434387006,13871.11111111111
1932-01-01,14308.888888888889,-0.6246156606972889,14308.888888888887
1933-01-01,14746.666666666666,-0.6245923779558771,14746.666666666668
1934-01-01,15184.444444444443,-0.6245690952144652,15184.444444444443
1935-01-01,15622.222222222224,-0.6245458124730534,15622.222222222223
1936-01-01,16060.0,-0.6245225297316416,16060.0
1937-01-01,16497.777777777777,-0.6244992469902297,16497.777777777777
1938-01-01,16935.555555555555,-0.6244759642488179,16935.555555555555
1939-01-01,17373.333333333332,-0.6244526815074062,17373.333333333332
1940-01-01,17811.11111111111,-0.6244293987659943,17811.11111111111
1941-01-01,18248.888888888887,-0.6244061160245826,18248.888888888887
1942-01-01,18686.666666666668,-0.6243828332831708,18686.666666666668
1943-01-01,19124.444444444445,-0.624359550541759,19124.444444444445
1944-01-01,19562.222222222223,-0.6243362678003471,19586.0
1945-01-01,20000.0,-0.6243129850589353,20071.333333333332
1946-01-01,20556.666666666668,-0.6242833793395259,20580.444444444445
1947-01-01,21113.33333333333,-0.6242537736201164,21113.333333333336
1948-01-01,21670.0,-0.624224167900707,21669.999999999996
1949-01-01,22226.666666666668,-0.6241945621812977,22226.666666666664
1950-01-01,22783.33333333333,-0.6241649564618881,22699.183673469386
1951-01-01,23340.0,-0.6241353507424787,23087.551020408162
1952-01-01,23475.918367346934,-0.6241281220699405,23391.768707482992
1953-01-01,23611.83673469388,-0.6241208933974023,23611.836734693876
1954-01-01,23747.755102040817,-0.6241136647248642,23747.755102040817
1955-01-01,23883.673469387755,-0.624106436052326,23883.673469387755
1956-01-01,24019.591836734693,-0.6240992073797876,24019.591836734693
1957-01-01,24155.51020408163,-0.6240919787072495,24155.510204081635
1958-01-01,24291.42857142857,-0.6240847500347113,24291.428571428572
1959-01-01,24427.34693877551,-0.6240775213621731,24427.34693877551
1960-01-01,24563.26530612245,-0.624070292689635,24563.26530612245
1961-01-01,24699.183673469382,-0.6240630640170968,24699.183673469386
1962-01-01,24835.102040816328,-0.6240558353445586,24835.102040816324
1963-01-01,24971.020408163266,-0.6240486066720204,24971.020408163266
1964-01-01,25106.938775510203,-0.6240413779994822,25106.938775510207
1965-01-01,25242.85714285714,-0.624034149326944,25242.85714285714
1966-01-01,25378.775510204083,-0.6240269206544058,25378.775510204083
1967-01-01,25514.69387755102,-0.6240196919818676,25514.693877551017
1968-01-01,25650.61224489796,-0.6240124633093294,25650.612244897962
1969-01-01,25786.530612244896,-0.6240052346367911,25786.530612244896
1970-01-01,25922.44897959184,-0.623998005964253,25922.448979591838
1971-01-01,26058.367346938776,-0.6239907772917148,26058.36734693878
1972-01-01,26194.285714285717,-0.6239835486191766,26194.285714285717
1973-01-01,26330.20408163265,-0.6239763199466385,26330.204081632655
1974-01-01,26466.122448979597,-0.6239690912741003,26466.122448979593
1975-01-01,26602.04081632653,-0.6239618626015621,26602.04081632653
1976-01-01,26737.95918367347,-0.6239546339290238,26737.95918367347
1977-01-01,26873.877551020407,-0.6239474052564856,26873.877551020407
1978-01-01,27009.795918367345,-0.6239401765839474,27009.79591836735
1979-01-01,27145.714285714286,-0.6239329479114093,27145.714285714283
1980-01-01,27281.632653061224,-0.6239257192388711,27281.632653061224
1981-01-01,27417.55102040816,-0.6239184905663329,27417.55102040816
1982-01-01,27553.469387755104,-0.6239112618937946,27553.4693877551
1983-01-01,27689.38775510204,-0.6239040332212565,27689.38775510204
1984-01-01,27825.30612244898,-0.6238968045487183,27825.306122448976
1985-01-01,27961.22448979592,-0.6238895758761801,27961.224489795917
1986-01-01,28097.14285714285,-0.6238823472036419,28097.14285714286
1987-01-01,28233.0612244898,-0.6238751185311037,28233.061224489793
1988-01-01,28368.97959183673,-0.6238678898585654,28368.979591836734
1989-01-01,28504.897959183672,-0.6238606611860273,28504.897959183676
1990-01-01,28640.81632653061,-0.6238534325134891,28640.81632653061
1991-01-01,28776.73469387755,-0.6238462038409509,28776.73469387755
1992-01-01,28912.65306122449,-0.6238389751684127,28912.65306122449
1993-01-01,29048.571428571428,-0.6238317464958746,29048.571428571428
1994-01-01,29184.489795918365,-0.6238245178233364,29184.489795918365
1995-01-01,29320.408163265307,-0.6238172891507981,29320.408163265303
1996-01-01,29456.326530612245,-0.6238100604782599,29456.32653061225
1997-01-01,29592.244897959183,-0.6238028318057217,29592.244897959183
1998-01-01,29728.163265306124,-0.6237956031331835,29728.163265306124
1999-01-01,29864.081632653066,-0.6237883744606454,35366.30972388956
2000-01-01,30000.0,-0.6237811457881072,46506.684273709485
2001-01-01,57647.05882352941,-0.6223107666275823,63149.28691476591
2002-01-01,85294.11764705883,-0.6208403874670575,85294.11764705883
2003-01-01,112941.17647058824,-0.6193700083065327,112941.17647058824
2004-01-01,140588.23529411765,-0.6178996291460077,140588.23529411765
2005-01-01,168235.29411764705,-0.616429249985483,168235.29411764705
2006-01-01,195882.35294117648,-0.6149588708249581,195882.35294117645
2007-01-01,223529.4117647059,-0.6134884916644333,223529.41176470587
2008-01-01,251176.4705882353,-0.6120181125039085,251176.47058823527
2009-01-01,278823.5294117647,-0.6105477333433836,278823.5294117647
2010-01-01,306470.5882352941,-0.6090773541828587,306470.5882352941
2011-01-01,334117.64705882355,-0.6076069750223339,334117.6470588235
2012-01-01,361764.70588235295,-0.606136595861809,361764.70588235295
2013-01-01,389411.7647058824,-0.6046662167012842,389411.7647058824
2014-01-01,417058.8235294118,-0.6031958375407594,417058.8235294118
2015-01-01,444705.8823529412,-0.6017254583802346,444705.8823529412
2016-01-01,472352.9411764706,-0.6002550792197097,
2017-01-01,500000.0,-0.5987847000591848,
