Year,Population
1800,60000000.0
1801,59333333.333333336
1802,58666666.666666664
1803,58000000.0
1804,57333333.333333336
1805,56666666.666666664
1806,56000000.0
1807,55333333.333333336
1808,54666666.666666664
1809,54000000.0
1810,53333333.333333336
1811,52666666.666666664
1812,52000000.0
1813,51333333.333333336
1814,50666666.66666667
1815,50000000.0
1816,49333333.333333336
1817,48666666.66666667
1818,48000000.0
1819,47333333.333333336
1820,46666666.66666667
1821,46000000.0
1822,45333333.333333336
1823,44666666.66666667
1824,44000000.0
1825,43333333.333333336
1826,42666666.66666667
1827,42000000.0
1828,41333333.333333336
1829,40666666.66666667
1830,40000000.0
1831,39565000.0
1832,39130000.0
1833,38695000.0
1834,38260000.0
1835,37825000.0
1836,37390000.0
1837,36955000.0
1838,36520000.0
1839,36085000.0
1840,35650000.0
1841,34645000.0
1842,33640000.0
1843,32635000.0
1844,31630000.0
1845,30625000.0
1846,29620000.0
1847,28615000.0
1848,27610000.0
1849,26605000.0
1850,25600000.0
1851,24595000.0
1852,23590000.0
1853,22585000.0
1854,21580000.0
1855,20575000.0
1856,19570000.0
1857,18565000.0
1858,17560000.0
1859,16555000.0
1860,15550000.0
1861,14545000.0
1862,13540000.0
1863,12535000.0
1864,11530000.0
1865,10525000.0
1866,9520000.0
1867,8515000.0
1868,7510000.0
1869,6505000.0
1870,5500000.0
1871,4989500.0
1872,4479000.0
1873,3968500.0
1874,3458000.0
1875,2947500.0
1876,2437000.0
1877,1926500.0
1878,1416000.0
1879,905500.0
1880,395000.0
1881,351171.22222222225
1882,307342.44444444444
1883,263513.6666666666
1884,219684.88888888888
1885,175856.1111111111
1886,132027.3333333333
1887,88198.5555555555
1888,44369.77777777775
1889,541.0
1890,519.0909090909091
1891,497.1818181818182
1892,475.27272727272725
1893,453.3636363636364
1894,431.45454545454544
1895,409.5454545454545
1896,387.6363636363636
1897,365.72727272727275
1898,343.8181818181818
1899,321.9090909090909
1900,300.0
1901,737.7777777777778
1902,1175.5555555555557
1903,1613.3333333333333
1904,2051.1111111111113
1905,2488.8888888888887
1906,2926.6666666666665
1907,3364.4444444444443
1908,3802.222222222222
1909,4240.0
1910,4677.777777777777
1911,5115.555555555556
1912,5553.333333333333
1913,5991.111111111111
1914,6428.888888888889
1915,6866.666666666667
1916,7304.444444444444
1917,7742.222222222222
1918,8180.0
1919,8617.777777777777
1920,9055.555555555555
1921,9493.333333333334
1922,9931.111111111111
1923,10368.888888888889
1924,10806.666666666666
1925,11244.444444444443
1926,11682.222222222223
1927,12120.0
1928,12557.777777777777
1929,12995.555555555555
1930,13433.333333333334
1931,13871.111111111111
1932,14308.888888888889
1933,14746.666666666666
1934,15184.444444444443
1935,15622.222222222223
1936,16060.0
1937,16497.777777777777
1938,16935.555555555555
1939,17373.333333333332
1940,17811.11111111111
1941,18248.888888888887
1942,18686.666666666668
1943,19124.444444444445
1944,19562.222222222223
1945,20000.0
1946,20556.666666666668
1947,21113.333333333332
1948,21670.0
1949,22226.666666666668
1950,22783.333333333332
1951,23340.0
1952,23475.918367346938
1953,23611.836734693876
1954,23747.755102040817
1955,23883.673469387755
1956,24019.591836734693
1957,24155.51020408163
1958,24291.428571428572
1959,24427.34693877551
1960,24563.26530612245
1961,24699.183673469386
1962,24835.102040816328
1963,24971.020408163266
1964,25106.938775510203
1965,25242.85714285714
1966,25378.775510204083
1967,25514.69387755102
1968,25650.61224489796
1969,25786.530612244896
1970,25922.448979591838
1971,26058.367346938776
1972,26194.285714285714
1973,26330.20408163265
1974,26466.122448979593
1975,26602.04081632653
1976,26737.95918367347
1977,26873.877551020407
1978,27009.795918367345
1979,27145.714285714286
1980,27281.632653061224
1981,27417.551020408162
1982,27553.469387755104
1983,27689.38775510204
1984,27825.30612244898
1985,27961.224489795917
1986,28097.142857142855
1987,28233.061224489797
1988,28368.979591836734
1989,28504.897959183672
1990,28640.816326530614
1991,28776.73469387755
1992,28912.65306122449
1993,29048.571428571428
1994,29184.489795918365
1995,29320.408163265307
1996,29456.326530612245
1997,29592.244897959183
1998,29728.163265306124
1999,29864.081632653062
2000,30000.0
2001,57647.05882352941
2002,85294.11764705883
2003,112941.17647058824
2004,140588.23529411765
2005,168235.29411764705
2006,195882.35294117648
2007,223529.4117647059
2008,251176.4705882353
2009,278823.5294117647
2010,306470.5882352941
2011,334117.64705882355
2012,361764.70588235295
2013,389411.76470588235
2014,417058.8235294118
2015,444705.8823529412
2016,472352.9411764706
2017,500000.0
